,id,Group,plate-id,Target,Ct,time-point
0,1,uninfected control,B77 9-9#1,HPRT1,32.1731351017804,Bleed 9-9
1,1,uninfected control,B77 9-9#1,OAS,32.2424144230557,Bleed 9-9
2,1,uninfected control,B77 9-9#1,MX1,31.0745797571122,Bleed 9-9
3,1,uninfected control,B77 9-9#1,IFR7,29.9659352361281,Bleed 9-9
4,2,uninfected control,B77 9-9#2,HPRT1,31.7298577233998,Bleed 9-9
5,2,uninfected control,B77 9-9#2,OAS,31.9515578817724,Bleed 9-9
6,2,uninfected control,B77 9-9#2,MX1,30.6777462022506,Bleed 9-9
7,2,uninfected control,B77 9-9#2,IFR7,29.3867408128009,Bleed 9-9
8,3,uninfected control,B77 9-9#3,HPRT1,33.0949949331716,Bleed 9-9
9,3,uninfected control,B77 9-9#3,OAS,31.7431664587459,Bleed 9-9
10,3,uninfected control,B77 9-9#3,MX1,30.7200280976785,Bleed 9-9
11,3,uninfected control,B77 9-9#3,IFR7,29.9115112975453,Bleed 9-9
12,4,uninfected control,B77 9-9#4,HPRT1,32.3095698324451,Bleed 9-9
13,4,uninfected control,B77 9-9#4,OAS,31.7208359712791,Bleed 9-9
14,4,uninfected control,B77 9-9#4,MX1,30.8774057632665,Bleed 9-9
15,4,uninfected control,B77 9-9#4,IFR7,30.0625309973927,Bleed 9-9
16,5,uninfected control,B77 9-9#5,HPRT1,33.1073489234227,Bleed 9-9
17,5,uninfected control,B77 9-9#5,OAS,29.544888186421,Bleed 9-9
18,5,uninfected control,B77 9-9#5,MX1,29.2033057857046,Bleed 9-9
19,5,uninfected control,B77 9-9#5,IFR7,28.5280119723858,Bleed 9-9
20,6,DMSO + HIV,B77 9-9#6,HPRT1,32.6755037700205,Bleed 9-9
21,6,DMSO + HIV,B77 9-9#6,OAS,29.7598629696656,Bleed 9-9
22,6,DMSO + HIV,B77 9-9#6,MX1,29.1823359300633,Bleed 9-9
23,6,DMSO + HIV,B77 9-9#6,IFR7,28.46276895116,Bleed 9-9
24,7,rapamycin + HIV,B77 9-9#7,HPRT1,33.7700909346283,Bleed 9-9
25,7,rapamycin + HIV,B77 9-9#7,OAS,30.9139492252104,Bleed 9-9
26,7,rapamycin + HIV,B77 9-9#7,MX1,29.9101844878085,Bleed 9-9
27,7,rapamycin + HIV,B77 9-9#7,IFR7,29.6339304274053,Bleed 9-9
28,8,spermidine + HIV,B77 9-9#8,HPRT1,34.6601726336612,Bleed 9-9
29,8,spermidine + HIV,B77 9-9#8,OAS,32.5492652584257,Bleed 9-9
30,8,spermidine + HIV,B77 9-9#8,MX1,31.3442744777474,Bleed 9-9
31,8,spermidine + HIV,B77 9-9#8,IFR7,30.9972162339329,Bleed 9-9
32,9,DMSO + HIV,B77 9-9#9,HPRT1,33.1501306814423,Bleed 9-9
33,9,DMSO + HIV,B77 9-9#9,OAS,30.4865907994534,Bleed 9-9
34,9,DMSO + HIV,B77 9-9#9,MX1,29.5537783034231,Bleed 9-9
35,9,DMSO + HIV,B77 9-9#9,IFR7,29.2186308618915,Bleed 9-9
36,10,rapamycin + HIV,B77 9-9#10,HPRT1,33.5641047440803,Bleed 9-9
37,10,rapamycin + HIV,B77 9-9#10,OAS,31.2330730771264,Bleed 9-9
38,10,rapamycin + HIV,B77 9-9#10,MX1,30.3122428619893,Bleed 9-9
39,10,rapamycin + HIV,B77 9-9#10,IFR7,30.1262865492373,Bleed 9-9
40,11,spermidine + HIV,B77 9-9#11,HPRT1,32.6684820640639,Bleed 9-9
41,11,spermidine + HIV,B77 9-9#11,OAS,30.0966356909607,Bleed 9-9
42,11,spermidine + HIV,B77 9-9#11,MX1,29.2113708677366,Bleed 9-9
43,11,spermidine + HIV,B77 9-9#11,IFR7,28.7212589749862,Bleed 9-9
44,12,DMSO + HIV,B77 9-9#12,HPRT1,32.5580720139785,Bleed 9-9
45,12,DMSO + HIV,B77 9-9#12,OAS,30.0925767560599,Bleed 9-9
46,12,DMSO + HIV,B77 9-9#12,MX1,29.2733118920971,Bleed 9-9
47,12,DMSO + HIV,B77 9-9#12,IFR7,28.8973542339181,Bleed 9-9
48,13,rapamycin + HIV,B77 9-9#13,HPRT1,33.5398940171035,Bleed 9-9
49,13,rapamycin + HIV,B77 9-9#13,OAS,30.6892467694372,Bleed 9-9
50,13,rapamycin + HIV,B77 9-9#13,MX1,30.1145300104819,Bleed 9-9
51,13,rapamycin + HIV,B77 9-9#13,IFR7,29.2584262761507,Bleed 9-9
52,16,rapamycin + HIV,B77 9-9#16,HPRT1,33.2486762150449,Bleed 9-9
53,16,rapamycin + HIV,B77 9-9#16,OAS,30.2320633717123,Bleed 9-9
54,16,rapamycin + HIV,B77 9-9#16,MX1,29.5120935589344,Bleed 9-9
55,16,rapamycin + HIV,B77 9-9#16,IFR7,28.9549818807535,Bleed 9-9
56,17,DMSO + HIV,B77 9-9#17,HPRT1,34.1219422470882,Bleed 9-9
57,17,DMSO + HIV,B77 9-9#17,OAS,31.1164883482038,Bleed 9-9
58,17,DMSO + HIV,B77 9-9#17,MX1,30.69423411291,Bleed 9-9
59,17,DMSO + HIV,B77 9-9#17,IFR7,29.9485324299307,Bleed 9-9
60,18,spermidine + HIV,B77 9-9#18,HPRT1,33.4590931034294,Bleed 9-9
61,18,spermidine + HIV,B77 9-9#18,OAS,30.4382063221795,Bleed 9-9
62,18,spermidine + HIV,B77 9-9#18,MX1,30.1001631149727,Bleed 9-9
63,18,spermidine + HIV,B77 9-9#18,IFR7,29.1982190973065,Bleed 9-9
64,19,DMSO + HIV,B77 9-9#19,HPRT1,32.1622625035359,Bleed 9-9
65,19,DMSO + HIV,B77 9-9#19,OAS,29.2567835044138,Bleed 9-9
66,19,DMSO + HIV,B77 9-9#19,MX1,28.4447828249532,Bleed 9-9
67,19,DMSO + HIV,B77 9-9#19,IFR7,27.9045127184719,Bleed 9-9
68,20,rapamycin + HIV,B77 9-9#20,HPRT1,31.9359153286105,Bleed 9-9
69,20,rapamycin + HIV,B77 9-9#20,OAS,28.881196170249,Bleed 9-9
70,20,rapamycin + HIV,B77 9-9#20,MX1,28.2762792808531,Bleed 9-9
71,20,rapamycin + HIV,B77 9-9#20,IFR7,27.810207461698,Bleed 9-9
72,21,spermidine + HIV,B77 9-9#21,HPRT1,33.2682347552499,Bleed 9-9
73,21,spermidine + HIV,B77 9-9#21,OAS,29.9733878858239,Bleed 9-9
74,21,spermidine + HIV,B77 9-9#21,MX1,29.6486756349779,Bleed 9-9
75,21,spermidine + HIV,B77 9-9#21,IFR7,29.0401414159135,Bleed 9-9
76,22,rapamycin + HIV,B77 9-9#22,HPRT1,35.0322757648446,Bleed 9-9
77,22,rapamycin + HIV,B77 9-9#22,OAS,31.5930704578266,Bleed 9-9
78,22,rapamycin + HIV,B77 9-9#22,MX1,30.9451705625993,Bleed 9-9
79,22,rapamycin + HIV,B77 9-9#22,IFR7,30.3871106518658,Bleed 9-9
80,23,rapamycin + HIV,B77 9-9#23,HPRT1,32.9034577039187,Bleed 9-9
81,23,rapamycin + HIV,B77 9-9#23,OAS,29.7353026388953,Bleed 9-9
82,23,rapamycin + HIV,B77 9-9#23,MX1,29.0423508213348,Bleed 9-9
83,23,rapamycin + HIV,B77 9-9#23,IFR7,28.6477096660061,Bleed 9-9
84,24,spermidine + HIV,B77 9-9#24,HPRT1,32.9790571630009,Bleed 9-9
85,24,spermidine + HIV,B77 9-9#24,OAS,30.102131716657,Bleed 9-9
86,24,spermidine + HIV,B77 9-9#24,MX1,29.2343374086492,Bleed 9-9
87,24,spermidine + HIV,B77 9-9#24,IFR7,29.0412197140435,Bleed 9-9
88,26,rapamycin + HIV,B77 9-9#26,HPRT1,32.9466423670108,Bleed 9-9
89,26,rapamycin + HIV,B77 9-9#26,OAS,29.3553789634445,Bleed 9-9
90,26,rapamycin + HIV,B77 9-9#26,MX1,28.8755695321044,Bleed 9-9
91,26,rapamycin + HIV,B77 9-9#26,IFR7,28.255782968048,Bleed 9-9
92,27,spermidine + HIV,B77 9-9#27,HPRT1,33.1775824709688,Bleed 9-9
93,27,spermidine + HIV,B77 9-9#27,OAS,30.0727384740071,Bleed 9-9
94,27,spermidine + HIV,B77 9-9#27,MX1,29.2851950384005,Bleed 9-9
95,27,spermidine + HIV,B77 9-9#27,IFR7,28.9258481246746,Bleed 9-9
96,28,rapamycin + HIV,B77 9-9#28,HPRT1,32.4378283572228,Bleed 9-9
97,28,rapamycin + HIV,B77 9-9#28,OAS,29.727895420783,Bleed 9-9
98,28,rapamycin + HIV,B77 9-9#28,MX1,28.9325689723102,Bleed 9-9
99,28,rapamycin + HIV,B77 9-9#28,IFR7,28.4695090645673,Bleed 9-9
100,29,spermidine + HIV,B77 9-9#29,HPRT1,33.8497196958939,Bleed 9-9
101,29,spermidine + HIV,B77 9-9#29,OAS,30.5361307210336,Bleed 9-9
102,29,spermidine + HIV,B77 9-9#29,MX1,30.3841326875547,Bleed 9-9
103,29,spermidine + HIV,B77 9-9#29,IFR7,29.6840392897246,Bleed 9-9
104,31,rapamycin + HIV,B77 9-9#31,HPRT1,32.8915691316721,Bleed 9-9
105,31,rapamycin + HIV,B77 9-9#31,OAS,29.8807490792256,Bleed 9-9
106,31,rapamycin + HIV,B77 9-9#31,MX1,29.0699638314599,Bleed 9-9
107,31,rapamycin + HIV,B77 9-9#31,IFR7,28.6470718378315,Bleed 9-9
108,32,spermidine + HIV,B77 9-9#32,HPRT1,33.0213989827911,Bleed 9-9
109,32,spermidine + HIV,B77 9-9#32,OAS,30.1113378578361,Bleed 9-9
110,32,spermidine + HIV,B77 9-9#32,MX1,29.2448360035568,Bleed 9-9
111,32,spermidine + HIV,B77 9-9#32,IFR7,28.8566586101917,Bleed 9-9
112,33,DMSO + HIV,B77 9-9#33,OAS,30.317510932445,Bleed 9-9
113,33,DMSO + HIV,B77 9-9#33,IFR7,29.379017598426,Bleed 9-9
114,1,uninfected control,B77 9-22#1,HPRT1,30.7650259232404,Bleed 9-22
115,1,uninfected control,B77 9-22#1,OAS,30.5602923092083,Bleed 9-22
116,1,uninfected control,B77 9-22#1,MX1,29.2508508260787,Bleed 9-22
117,1,uninfected control,B77 9-22#1,IFR7,28.9524907152941,Bleed 9-22
118,2,uninfected control,B77 9-22#2,HPRT1,31.2802532867732,Bleed 9-22
119,2,uninfected control,B77 9-22#2,OAS,30.8347791164173,Bleed 9-22
120,2,uninfected control,B77 9-22#2,MX1,29.2034509632958,Bleed 9-22
121,2,uninfected control,B77 9-22#2,IFR7,29.009725158345,Bleed 9-22
122,3,uninfected control,B77 9-22#3,HPRT1,32.0499296620835,Bleed 9-22
123,3,uninfected control,B77 9-22#3,OAS,31.1067706008016,Bleed 9-22
124,3,uninfected control,B77 9-22#3,MX1,29.8693109410306,Bleed 9-22
125,3,uninfected control,B77 9-22#3,IFR7,29.4048092633164,Bleed 9-22
126,4,uninfected control,B77 9-22#4,HPRT1,31.9012140483356,Bleed 9-22
127,4,uninfected control,B77 9-22#4,OAS,30.7038098404221,Bleed 9-22
128,4,uninfected control,B77 9-22#4,MX1,29.6539316250542,Bleed 9-22
129,4,uninfected control,B77 9-22#4,IFR7,29.0377727126309,Bleed 9-22
130,5,uninfected control,B77 9-22#5,HPRT1,32.4074035655351,Bleed 9-22
131,5,uninfected control,B77 9-22#5,OAS,31.3864350429234,Bleed 9-22
132,5,uninfected control,B77 9-22#5,MX1,30.4274556676659,Bleed 9-22
133,5,uninfected control,B77 9-22#5,IFR7,29.7507808544727,Bleed 9-22
134,6,DMSO + HIV,B77 9-22#6,HPRT1,32.1042169993337,Bleed 9-22
135,6,DMSO + HIV,B77 9-22#6,OAS,30.1504369638543,Bleed 9-22
136,6,DMSO + HIV,B77 9-22#6,MX1,29.1030880106396,Bleed 9-22
137,6,DMSO + HIV,B77 9-22#6,IFR7,,Bleed 9-22
138,7,rapamycin + HIV,B77 9-22#7,HPRT1,34.4514801801653,Bleed 9-22
139,7,rapamycin + HIV,B77 9-22#7,OAS,32.0005519798294,Bleed 9-22
140,7,rapamycin + HIV,B77 9-22#7,MX1,30.933616148846,Bleed 9-22
141,7,rapamycin + HIV,B77 9-22#7,IFR7,31.0211786015221,Bleed 9-22
142,8,spermidine + HIV,B77 9-22#8,HPRT1,33.050567569906,Bleed 9-22
143,8,spermidine + HIV,B77 9-22#8,OAS,30.9603914499163,Bleed 9-22
144,8,spermidine + HIV,B77 9-22#8,MX1,29.835118591892,Bleed 9-22
145,8,spermidine + HIV,B77 9-22#8,IFR7,29.5543509671895,Bleed 9-22
146,9,DMSO + HIV,B77 9-22#9,HPRT1,33.2270665531014,Bleed 9-22
147,9,DMSO + HIV,B77 9-22#9,OAS,31.007545616326,Bleed 9-22
148,9,DMSO + HIV,B77 9-22#9,MX1,29.9012991536206,Bleed 9-22
149,9,DMSO + HIV,B77 9-22#9,IFR7,29.5513983942875,Bleed 9-22
150,10,rapamycin + HIV,B77 9-22#10,HPRT1,32.6133494933375,Bleed 9-22
151,10,rapamycin + HIV,B77 9-22#10,OAS,31.1052635819279,Bleed 9-22
152,10,rapamycin + HIV,B77 9-22#10,MX1,30.268084091424,Bleed 9-22
153,10,rapamycin + HIV,B77 9-22#10,IFR7,29.4880269582969,Bleed 9-22
154,11,spermidine + HIV,B77 9-22#11,HPRT1,31.5683829979016,Bleed 9-22
155,11,spermidine + HIV,B77 9-22#11,OAS,29.1631980820137,Bleed 9-22
156,11,spermidine + HIV,B77 9-22#11,MX1,28.4560655769892,Bleed 9-22
157,11,spermidine + HIV,B77 9-22#11,IFR7,28.2503628341375,Bleed 9-22
158,12,DMSO + HIV,B77 9-22#12,HPRT1,30.5694901579592,Bleed 9-22
159,12,DMSO + HIV,B77 9-22#12,OAS,28.4686175656856,Bleed 9-22
160,12,DMSO + HIV,B77 9-22#12,MX1,27.9613878031725,Bleed 9-22
161,12,DMSO + HIV,B77 9-22#12,IFR7,27.4597334733148,Bleed 9-22
162,13,rapamycin + HIV,B77 9-22#13,HPRT1,32.3793617747864,Bleed 9-22
163,13,rapamycin + HIV,B77 9-22#13,OAS,29.7563875527453,Bleed 9-22
164,13,rapamycin + HIV,B77 9-22#13,MX1,29.4915691419691,Bleed 9-22
165,13,rapamycin + HIV,B77 9-22#13,IFR7,28.9002537112211,Bleed 9-22
166,16,rapamycin + HIV,B77 9-22#16,HPRT1,32.3704342849961,Bleed 9-22
167,16,rapamycin + HIV,B77 9-22#16,OAS,30.3654143612599,Bleed 9-22
168,16,rapamycin + HIV,B77 9-22#16,MX1,29.6030457240629,Bleed 9-22
169,16,rapamycin + HIV,B77 9-22#16,IFR7,29.060650928567,Bleed 9-22
170,17,DMSO + HIV,B77 9-22#17,HPRT1,32.98178439629,Bleed 9-22
171,17,DMSO + HIV,B77 9-22#17,OAS,30.7221185505846,Bleed 9-22
172,17,DMSO + HIV,B77 9-22#17,MX1,29.9174573592202,Bleed 9-22
173,17,DMSO + HIV,B77 9-22#17,IFR7,29.3628862696094,Bleed 9-22
174,18,spermidine + HIV,B77 9-22#18,HPRT1,32.6858497636813,Bleed 9-22
175,18,spermidine + HIV,B77 9-22#18,OAS,29.9451511846359,Bleed 9-22
176,18,spermidine + HIV,B77 9-22#18,MX1,29.552124216023,Bleed 9-22
177,18,spermidine + HIV,B77 9-22#18,IFR7,29.2100362722026,Bleed 9-22
178,19,DMSO + HIV,B77 9-22#19,HPRT1,32.6459705127246,Bleed 9-22
179,19,DMSO + HIV,B77 9-22#19,OAS,30.210574943385,Bleed 9-22
180,19,DMSO + HIV,B77 9-22#19,MX1,29.5983963823771,Bleed 9-22
181,19,DMSO + HIV,B77 9-22#19,IFR7,29.1005998795374,Bleed 9-22
182,20,rapamycin + HIV,B77 9-22#20,HPRT1,32.4421486015702,Bleed 9-22
183,20,rapamycin + HIV,B77 9-22#20,OAS,30.0097556462593,Bleed 9-22
184,20,rapamycin + HIV,B77 9-22#20,MX1,29.4504404470226,Bleed 9-22
185,20,rapamycin + HIV,B77 9-22#20,IFR7,28.7557540797332,Bleed 9-22
186,21,spermidine + HIV,B77 9-22#21,HPRT1,33.9583700145916,Bleed 9-22
187,21,spermidine + HIV,B77 9-22#21,OAS,30.577370526736,Bleed 9-22
188,21,spermidine + HIV,B77 9-22#21,MX1,30.2916850437436,Bleed 9-22
189,21,spermidine + HIV,B77 9-22#21,IFR7,30.14876552236,Bleed 9-22
190,22,rapamycin + HIV,B77 9-22#22,HPRT1,34.3116052425853,Bleed 9-22
191,22,rapamycin + HIV,B77 9-22#22,OAS,31.2003625224255,Bleed 9-22
192,22,rapamycin + HIV,B77 9-22#22,MX1,30.8620399333762,Bleed 9-22
193,22,rapamycin + HIV,B77 9-22#22,IFR7,30.167317953296,Bleed 9-22
194,23,rapamycin + HIV,B77 9-22#23,HPRT1,32.1255196085691,Bleed 9-22
195,23,rapamycin + HIV,B77 9-22#23,OAS,29.851579832597,Bleed 9-22
196,23,rapamycin + HIV,B77 9-22#23,MX1,29.358836435773,Bleed 9-22
197,23,rapamycin + HIV,B77 9-22#23,IFR7,28.7134922420482,Bleed 9-22
198,24,spermidine + HIV,B77 9-22#24,HPRT1,31.5536949093821,Bleed 9-22
199,24,spermidine + HIV,B77 9-22#24,OAS,29.5495969800777,Bleed 9-22
200,24,spermidine + HIV,B77 9-22#24,MX1,29.0373785518787,Bleed 9-22
201,24,spermidine + HIV,B77 9-22#24,IFR7,28.3823579543118,Bleed 9-22
202,26,rapamycin + HIV,B77 9-22#26,HPRT1,32.1197061357973,Bleed 9-22
203,26,rapamycin + HIV,B77 9-22#26,OAS,29.5078075128044,Bleed 9-22
204,26,rapamycin + HIV,B77 9-22#26,MX1,29.2960433497275,Bleed 9-22
205,26,rapamycin + HIV,B77 9-22#26,IFR7,28.7099988829138,Bleed 9-22
206,27,spermidine + HIV,B77 9-22#27,HPRT1,32.8115797718482,Bleed 9-22
207,27,spermidine + HIV,B77 9-22#27,OAS,30.0744159758953,Bleed 9-22
208,27,spermidine + HIV,B77 9-22#27,MX1,30.0167709916484,Bleed 9-22
209,27,spermidine + HIV,B77 9-22#27,IFR7,29.0879348271784,Bleed 9-22
210,28,rapamycin + HIV,B77 9-22#28,HPRT1,32.5128337446209,Bleed 9-22
211,28,rapamycin + HIV,B77 9-22#28,OAS,30.5019501924914,Bleed 9-22
212,28,rapamycin + HIV,B77 9-22#28,MX1,30.367583765597,Bleed 9-22
213,28,rapamycin + HIV,B77 9-22#28,IFR7,29.5136265501608,Bleed 9-22
214,29,spermidine + HIV,B77 9-22#29,HPRT1,33.0187421727239,Bleed 9-22
215,29,spermidine + HIV,B77 9-22#29,OAS,29.4851218735181,Bleed 9-22
216,29,spermidine + HIV,B77 9-22#29,MX1,29.2349263949474,Bleed 9-22
217,29,spermidine + HIV,B77 9-22#29,IFR7,28.7790298387752,Bleed 9-22
218,31,rapamycin + HIV,B77 9-22#31,HPRT1,31.4961063901749,Bleed 9-22
219,31,rapamycin + HIV,B77 9-22#31,OAS,29.2003243334316,Bleed 9-22
220,31,rapamycin + HIV,B77 9-22#31,MX1,28.7624396297977,Bleed 9-22
221,31,rapamycin + HIV,B77 9-22#31,IFR7,28.2097431708824,Bleed 9-22
222,32,spermidine + HIV,B77 9-22#32,HPRT1,33.8352914283354,Bleed 9-22
223,32,spermidine + HIV,B77 9-22#32,OAS,31.3760762131911,Bleed 9-22
224,32,spermidine + HIV,B77 9-22#32,MX1,30.8127616176345,Bleed 9-22
225,32,spermidine + HIV,B77 9-22#32,IFR7,30.5047537260212,Bleed 9-22
226,33,DMSO + HIV,B77 9-22#33,OAS,30.2988052052334,Bleed 9-22
227,33,DMSO + HIV,B77 9-22#33,IFR7,29.4812904975009,Bleed 9-22
228,1,uninfected control,B77 10-7#1,MX1,28.1842525230877,Bleed 10-7
229,1,uninfected control,B77 10-7#1,HPRT1,30.4522621551049,Bleed 10-7
230,1,uninfected control,B77 10-7#1,IRF7,28.415439765645,Bleed 10-7
231,1,uninfected control,B77 10-7#1,OAS1,29.6308576728961,Bleed 10-7
232,2,uninfected control,B77 10-7#2,MX1,28.2725611714256,Bleed 10-7
233,2,uninfected control,B77 10-7#2,HPRT1,30.6779092271601,Bleed 10-7
234,2,uninfected control,B77 10-7#2,IRF7,28.6968122271047,Bleed 10-7
235,2,uninfected control,B77 10-7#2,OAS1,29.8597484102865,Bleed 10-7
236,3,uninfected control,B77 10-7#3,MX1,29.3538884864665,Bleed 10-7
237,3,uninfected control,B77 10-7#3,HPRT1,32.2785722828826,Bleed 10-7
238,3,uninfected control,B77 10-7#3,IRF7,29.9353004421247,Bleed 10-7
239,3,uninfected control,B77 10-7#3,OAS1,31.0820516274884,Bleed 10-7
240,4,uninfected control,B77 10-7#4,MX1,29.3618938425768,Bleed 10-7
241,4,uninfected control,B77 10-7#4,HPRT1,32.0632023147173,Bleed 10-7
242,4,uninfected control,B77 10-7#4,IRF7,29.4973816875158,Bleed 10-7
243,4,uninfected control,B77 10-7#4,OAS1,30.4834998581471,Bleed 10-7
244,5,uninfected control,B77 10-7#5,MX1,27.880683967313,Bleed 10-7
245,5,uninfected control,B77 10-7#5,HPRT1,30.667366382029,Bleed 10-7
246,5,uninfected control,B77 10-7#5,IRF7,28.1976111967846,Bleed 10-7
247,5,uninfected control,B77 10-7#5,OAS1,29.2264090900008,Bleed 10-7
248,6,DMSO + HIV,B77 10-7#6,MX1,29.4083906419396,Bleed 10-7
249,6,DMSO + HIV,B77 10-7#6,HPRT1,32.8914210766448,Bleed 10-7
250,6,DMSO + HIV,B77 10-7#6,IRF7,29.6838371190674,Bleed 10-7
251,6,DMSO + HIV,B77 10-7#6,OAS1,30.3643091362526,Bleed 10-7
252,7,rapamycin + HIV,B77 10-7#7,MX1,29.2576549965106,Bleed 10-7
253,7,rapamycin + HIV,B77 10-7#7,HPRT1,32.2583696899772,Bleed 10-7
254,7,rapamycin + HIV,B77 10-7#7,IRF7,29.8068211369468,Bleed 10-7
255,7,rapamycin + HIV,B77 10-7#7,OAS1,30.3460803338339,Bleed 10-7
256,8,spermidine + HIV,B77 10-7#8,MX1,28.3515816763106,Bleed 10-7
257,8,spermidine + HIV,B77 10-7#8,HPRT1,31.9687324858524,Bleed 10-7
258,8,spermidine + HIV,B77 10-7#8,IRF7,28.9946569173819,Bleed 10-7
259,8,spermidine + HIV,B77 10-7#8,OAS1,29.4590477552767,Bleed 10-7
260,9,DMSO + HIV,B77 10-7#9,MX1,27.9626751113234,Bleed 10-7
261,9,DMSO + HIV,B77 10-7#9,HPRT1,31.7259805491546,Bleed 10-7
262,9,DMSO + HIV,B77 10-7#9,IRF7,28.3580498524684,Bleed 10-7
263,9,DMSO + HIV,B77 10-7#9,OAS1,28.9338623010133,Bleed 10-7
264,10,rapamycin + HIV,B77 10-7#10,MX1,29.440599587582,Bleed 10-7
265,10,rapamycin + HIV,B77 10-7#10,HPRT1,32.856425059609,Bleed 10-7
266,10,rapamycin + HIV,B77 10-7#10,IRF7,29.7759127738462,Bleed 10-7
267,10,rapamycin + HIV,B77 10-7#10,OAS1,30.4670034696685,Bleed 10-7
268,11,spermidine + HIV,B77 10-7#11,MX1,29.3353104514992,Bleed 10-7
269,11,spermidine + HIV,B77 10-7#11,HPRT1,33.0612782750806,Bleed 10-7
270,11,spermidine + HIV,B77 10-7#11,IRF7,29.5543930644876,Bleed 10-7
271,11,spermidine + HIV,B77 10-7#11,OAS1,30.2980018530106,Bleed 10-7
272,12,DMSO + HIV,B77 10-7#12,MX1,29.2767554917427,Bleed 10-7
273,12,DMSO + HIV,B77 10-7#12,HPRT1,32.8009373533627,Bleed 10-7
274,12,DMSO + HIV,B77 10-7#12,IRF7,29.3322253228168,Bleed 10-7
275,12,DMSO + HIV,B77 10-7#12,OAS1,30.1837582929987,Bleed 10-7
276,13,rapamycin + HIV,B77 10-7#13,MX1,27.6985576100319,Bleed 10-7
277,13,rapamycin + HIV,B77 10-7#13,HPRT1,31.3152250978664,Bleed 10-7
278,13,rapamycin + HIV,B77 10-7#13,IRF7,28.053833192215,Bleed 10-7
279,13,rapamycin + HIV,B77 10-7#13,OAS1,28.6905688507944,Bleed 10-7
280,16,rapamycin + HIV,B77 10-7#16,MX1,27.6593297049544,Bleed 10-7
281,16,rapamycin + HIV,B77 10-7#16,HPRT1,31.3324457646135,Bleed 10-7
282,16,rapamycin + HIV,B77 10-7#16,IRF7,28.0086090133041,Bleed 10-7
283,16,rapamycin + HIV,B77 10-7#16,OAS1,28.7846335459816,Bleed 10-7
284,17,DMSO + HIV,B77 10-7#17,MX1,28.4308722717716,Bleed 10-7
285,17,DMSO + HIV,B77 10-7#17,HPRT1,31.7493408509687,Bleed 10-7
286,17,DMSO + HIV,B77 10-7#17,IRF7,28.7799415463163,Bleed 10-7
287,17,DMSO + HIV,B77 10-7#17,OAS1,29.5006874454938,Bleed 10-7
288,18,spermidine + HIV,B77 10-7#18,MX1,28.9942282540752,Bleed 10-7
289,18,spermidine + HIV,B77 10-7#18,HPRT1,32.2546743786986,Bleed 10-7
290,18,spermidine + HIV,B77 10-7#18,IRF7,29.1308898050127,Bleed 10-7
291,18,spermidine + HIV,B77 10-7#18,OAS1,29.5807885233245,Bleed 10-7
292,19,DMSO + HIV,B77 10-7#19,MX1,27.6830913137035,Bleed 10-7
293,19,DMSO + HIV,B77 10-7#19,HPRT1,31.6226022539506,Bleed 10-7
294,19,DMSO + HIV,B77 10-7#19,IRF7,28.1657416764545,Bleed 10-7
295,19,DMSO + HIV,B77 10-7#19,OAS1,28.6624801076812,Bleed 10-7
296,20,rapamycin + HIV,B77 10-7#20,MX1,27.7592331912032,Bleed 10-7
297,20,rapamycin + HIV,B77 10-7#20,HPRT1,31.4416868780093,Bleed 10-7
298,20,rapamycin + HIV,B77 10-7#20,IRF7,27.9450308776854,Bleed 10-7
299,20,rapamycin + HIV,B77 10-7#20,OAS1,28.6554866615395,Bleed 10-7
300,21,spermidine + HIV,B77 10-7#21,MX1,29.3480801404741,Bleed 10-7
301,21,spermidine + HIV,B77 10-7#21,HPRT1,33.2181231794037,Bleed 10-7
302,21,spermidine + HIV,B77 10-7#21,IRF7,29.4742659395924,Bleed 10-7
303,21,spermidine + HIV,B77 10-7#21,OAS1,30.0663575731262,Bleed 10-7
304,22,rapamycin + HIV,B77 10-7#22,MX1,29.1388715200973,Bleed 10-7
305,22,rapamycin + HIV,B77 10-7#22,HPRT1,32.6299002911669,Bleed 10-7
306,22,rapamycin + HIV,B77 10-7#22,IRF7,29.622880590732,Bleed 10-7
307,22,rapamycin + HIV,B77 10-7#22,OAS1,30.0600175859024,Bleed 10-7
308,23,rapamycin + HIV,B77 10-7#23,MX1,29.0025447117729,Bleed 10-7
309,23,rapamycin + HIV,B77 10-7#23,HPRT1,32.2843925990494,Bleed 10-7
310,23,rapamycin + HIV,B77 10-7#23,IRF7,29.4005557152306,Bleed 10-7
311,23,rapamycin + HIV,B77 10-7#23,OAS1,29.9825339338447,Bleed 10-7
312,24,spermidine + HIV,B77 10-7#24,MX1,28.3310498890676,Bleed 10-7
313,24,spermidine + HIV,B77 10-7#24,HPRT1,31.8123372165353,Bleed 10-7
314,24,spermidine + HIV,B77 10-7#24,IRF7,28.8233074208689,Bleed 10-7
315,24,spermidine + HIV,B77 10-7#24,OAS1,29.1383409968565,Bleed 10-7
316,26,rapamycin + HIV,B77 10-7#26,MX1,26.7875027885523,Bleed 10-7
317,26,rapamycin + HIV,B77 10-7#26,HPRT1,30.9812196672319,Bleed 10-7
318,26,rapamycin + HIV,B77 10-7#26,IRF7,27.140194241745,Bleed 10-7
319,26,rapamycin + HIV,B77 10-7#26,OAS1,27.4627993072684,Bleed 10-7
320,27,spermidine + HIV,B77 10-7#27,MX1,30.106642913227,Bleed 10-7
321,27,spermidine + HIV,B77 10-7#27,HPRT1,34.2408823384576,Bleed 10-7
322,27,spermidine + HIV,B77 10-7#27,IRF7,29.6051075537419,Bleed 10-7
323,27,spermidine + HIV,B77 10-7#27,OAS1,30.3626262548369,Bleed 10-7
324,28,rapamycin + HIV,B77 10-7#28,MX1,28.5720774452964,Bleed 10-7
325,28,rapamycin + HIV,B77 10-7#28,HPRT1,31.7203065117984,Bleed 10-7
326,28,rapamycin + HIV,B77 10-7#28,IRF7,28.1316083172621,Bleed 10-7
327,28,rapamycin + HIV,B77 10-7#28,OAS1,29.2782256175607,Bleed 10-7
328,29,spermidine + HIV,B77 10-7#29,MX1,29.1730600655053,Bleed 10-7
329,29,spermidine + HIV,B77 10-7#29,HPRT1,33.4430961510213,Bleed 10-7
330,29,spermidine + HIV,B77 10-7#29,IRF7,29.2761094192614,Bleed 10-7
331,29,spermidine + HIV,B77 10-7#29,OAS1,29.8597898737248,Bleed 10-7
332,31,rapamycin + HIV,B77 10-7#31,MX1,27.1057739303072,Bleed 10-7
333,31,rapamycin + HIV,B77 10-7#31,HPRT1,31.251689010196,Bleed 10-7
334,31,rapamycin + HIV,B77 10-7#31,IRF7,27.5046961845536,Bleed 10-7
335,31,rapamycin + HIV,B77 10-7#31,OAS1,28.1678645534875,Bleed 10-7
336,32,spermidine + HIV,B77 10-7#32,MX1,29.2164118629653,Bleed 10-7
337,32,spermidine + HIV,B77 10-7#32,HPRT1,32.8915198569357,Bleed 10-7
338,32,spermidine + HIV,B77 10-7#32,IRF7,29.4958213636817,Bleed 10-7
339,32,spermidine + HIV,B77 10-7#32,OAS1,30.2407190688398,Bleed 10-7
340,33,DMSO + HIV,B77 10-7#33,MX1,29.4623943233762,Bleed 10-7
341,33,DMSO + HIV,B77 10-7#33,HPRT1,33.2706573587099,Bleed 10-7
342,33,DMSO + HIV,B77 10-7#33,IRF7,29.5207282569236,Bleed 10-7
343,33,DMSO + HIV,B77 10-7#33,OAS1,30.0263285928127,Bleed 10-7
344,1,uninfected control,B77 10-20#1,HPRT1,30.3691189393416,Bleed 10-20
345,1,uninfected control,B77 10-20#1,MX1,28.1928740100715,Bleed 10-20
346,1,uninfected control,B77 10-20#1,IRF7,28.2518518049578,Bleed 10-20
347,1,uninfected control,B77 10-20#1,OAS1,29.0447249108361,Bleed 10-20
348,2,uninfected control,B77 10-20#2,HPRT1,29.9049258028318,Bleed 10-20
349,2,uninfected control,B77 10-20#2,MX1,28.0956869282013,Bleed 10-20
350,2,uninfected control,B77 10-20#2,IRF7,27.707154208653,Bleed 10-20
351,2,uninfected control,B77 10-20#2,OAS1,28.463485658297,Bleed 10-20
352,3,uninfected control,B77 10-20#3,HPRT1,31.2109160051341,Bleed 10-20
353,3,uninfected control,B77 10-20#3,MX1,28.8793458811149,Bleed 10-20
354,3,uninfected control,B77 10-20#3,IRF7,28.7326430438968,Bleed 10-20
355,3,uninfected control,B77 10-20#3,OAS1,29.2906340878263,Bleed 10-20
356,4,uninfected control,B77 10-20#4,HPRT1,31.4062711969457,Bleed 10-20
357,4,uninfected control,B77 10-20#4,MX1,28.9619381410947,Bleed 10-20
358,4,uninfected control,B77 10-20#4,IRF7,28.8901688814404,Bleed 10-20
359,4,uninfected control,B77 10-20#4,OAS1,29.0739327854852,Bleed 10-20
360,5,uninfected control,B77 10-20#5,HPRT1,30.0434609427426,Bleed 10-20
361,5,uninfected control,B77 10-20#5,MX1,27.934012361921,Bleed 10-20
362,5,uninfected control,B77 10-20#5,IRF7,28.0891291467855,Bleed 10-20
363,5,uninfected control,B77 10-20#5,OAS1,28.6033450767734,Bleed 10-20
364,6,DMSO + HIV,B77 10-20#6,HPRT1,32.1069932259582,Bleed 10-20
365,6,DMSO + HIV,B77 10-20#6,MX1,28.3981477575029,Bleed 10-20
366,6,DMSO + HIV,B77 10-20#6,IRF7,28.1339404737472,Bleed 10-20
367,6,DMSO + HIV,B77 10-20#6,OAS1,28.2270076953193,Bleed 10-20
368,7,rapamycin + HIV,B77 10-20#7,HPRT1,31.7151711653477,Bleed 10-20
369,7,rapamycin + HIV,B77 10-20#7,MX1,29.1721857472455,Bleed 10-20
370,7,rapamycin + HIV,B77 10-20#7,IRF7,28.5620308126176,Bleed 10-20
371,7,rapamycin + HIV,B77 10-20#7,OAS1,29.1344701285339,Bleed 10-20
372,8,spermidine + HIV,B77 10-20#8,HPRT1,31.8768074100352,Bleed 10-20
373,8,spermidine + HIV,B77 10-20#8,MX1,28.434191549554,Bleed 10-20
374,8,spermidine + HIV,B77 10-20#8,IRF7,28.1709919850831,Bleed 10-20
375,8,spermidine + HIV,B77 10-20#8,OAS1,28.378144355095,Bleed 10-20
376,9,DMSO + HIV,B77 10-20#9,HPRT1,30.5687711341735,Bleed 10-20
377,9,DMSO + HIV,B77 10-20#9,MX1,27.305196955986,Bleed 10-20
378,9,DMSO + HIV,B77 10-20#9,IRF7,27.4554014952666,Bleed 10-20
379,9,DMSO + HIV,B77 10-20#9,OAS1,27.4115202720934,Bleed 10-20
380,10,rapamycin + HIV,B77 10-20#10,HPRT1,31.5989294790742,Bleed 10-20
381,10,rapamycin + HIV,B77 10-20#10,MX1,29.096036840715,Bleed 10-20
382,10,rapamycin + HIV,B77 10-20#10,IRF7,29.1407066549849,Bleed 10-20
383,10,rapamycin + HIV,B77 10-20#10,OAS1,29.5625976259332,Bleed 10-20
384,11,spermidine + HIV,B77 10-20#11,HPRT1,32.3455598367031,Bleed 10-20
385,11,spermidine + HIV,B77 10-20#11,MX1,28.827345271977,Bleed 10-20
386,11,spermidine + HIV,B77 10-20#11,IRF7,28.6213184580957,Bleed 10-20
387,11,spermidine + HIV,B77 10-20#11,OAS1,28.8628891579473,Bleed 10-20
388,12,DMSO + HIV,B77 10-20#12,HPRT1,32.2762641254441,Bleed 10-20
389,12,DMSO + HIV,B77 10-20#12,MX1,29.1432127752241,Bleed 10-20
390,12,DMSO + HIV,B77 10-20#12,IRF7,29.1407650017984,Bleed 10-20
391,12,DMSO + HIV,B77 10-20#12,OAS1,29.2093640116556,Bleed 10-20
392,13,rapamycin + HIV,,,,Bleed 10-20
393,16,rapamycin + HIV,B77 10-20#16,HPRT1,32.1541185576972,Bleed 10-20
394,16,rapamycin + HIV,B77 10-20#16,MX1,29.2919221611517,Bleed 10-20
395,16,rapamycin + HIV,B77 10-20#16,IRF7,29.2641155401476,Bleed 10-20
396,16,rapamycin + HIV,B77 10-20#16,OAS1,29.2151802428558,Bleed 10-20
397,17,DMSO + HIV,B77 10-20#17,HPRT1,30.9039490022775,Bleed 10-20
398,17,DMSO + HIV,B77 10-20#17,MX1,27.8165235481205,Bleed 10-20
399,17,DMSO + HIV,B77 10-20#17,IRF7,27.5333713583415,Bleed 10-20
400,17,DMSO + HIV,B77 10-20#17,OAS1,27.5345586566926,Bleed 10-20
401,18,spermidine + HIV,B77 10-20#18,HPRT1,32.3549631236114,Bleed 10-20
402,18,spermidine + HIV,B77 10-20#18,MX1,29.0786883704571,Bleed 10-20
403,18,spermidine + HIV,B77 10-20#18,IRF7,29.0861895172581,Bleed 10-20
404,18,spermidine + HIV,B77 10-20#18,OAS1,28.8348273843258,Bleed 10-20
405,19,DMSO + HIV,,,,Bleed 10-20
406,20,rapamycin + HIV,B77 10-20#20,HPRT1,32.3232657820879,Bleed 10-20
407,20,rapamycin + HIV,B77 10-20#20,MX1,29.580294413703,Bleed 10-20
408,20,rapamycin + HIV,B77 10-20#20,IRF7,29.0516870295367,Bleed 10-20
409,20,rapamycin + HIV,B77 10-20#20,OAS1,29.2804801081449,Bleed 10-20
410,21,spermidine + HIV,B77 10-20#21,HPRT1,32.4304654706513,Bleed 10-20
411,21,spermidine + HIV,B77 10-20#21,MX1,28.6965955177186,Bleed 10-20
412,21,spermidine + HIV,B77 10-20#21,IRF7,28.6651673210564,Bleed 10-20
413,21,spermidine + HIV,B77 10-20#21,OAS1,28.5531431214206,Bleed 10-20
414,22,rapamycin + HIV,B77 10-20#22,HPRT1,32.4165943279823,Bleed 10-20
415,22,rapamycin + HIV,B77 10-20#22,HPRT1,30.9047208042329,Bleed 10-20
416,22,rapamycin + HIV,B77 10-20#22,MX1,29.5428643071318,Bleed 10-20
417,22,rapamycin + HIV,B77 10-20#22,MX1,27.4424367770816,Bleed 10-20
418,22,rapamycin + HIV,B77 10-20#22,IRF7,29.1786075831891,Bleed 10-20
419,22,rapamycin + HIV,B77 10-20#22,IRF7,27.6926781581008,Bleed 10-20
420,22,rapamycin + HIV,B77 10-20#22,OAS1,29.1339231736717,Bleed 10-20
421,22,rapamycin + HIV,B77 10-20#22,OAS1,27.4629507086921,Bleed 10-20
422,23,rapamycin + HIV,B77 10-20#23,HPRT1,31.1151249300837,Bleed 10-20
423,23,rapamycin + HIV,B77 10-20#23,MX1,28.1876918374069,Bleed 10-20
424,23,rapamycin + HIV,B77 10-20#23,IRF7,28.3677081073248,Bleed 10-20
425,23,rapamycin + HIV,B77 10-20#23,OAS1,28.4908680947683,Bleed 10-20
426,24,spermidine + HIV,B77 10-20#24,HPRT1,31.289233215077,Bleed 10-20
427,24,spermidine + HIV,B77 10-20#24,MX1,27.4757464395993,Bleed 10-20
428,24,spermidine + HIV,B77 10-20#24,IRF7,28.0236181568257,Bleed 10-20
429,24,spermidine + HIV,B77 10-20#24,OAS1,27.4923272790444,Bleed 10-20
430,26,rapamycin + HIV,,,,Bleed 10-20
431,27,spermidine + HIV,B77 10-20#27,HPRT1,32.4120617265205,Bleed 10-20
432,27,spermidine + HIV,B77 10-20#27,MX1,28.8574634494318,Bleed 10-20
433,27,spermidine + HIV,B77 10-20#27,IRF7,28.4431728928053,Bleed 10-20
434,27,spermidine + HIV,B77 10-20#27,OAS1,28.5032270220977,Bleed 10-20
435,28,rapamycin + HIV,B77 10-20#28,HPRT1,32.3364689869692,Bleed 10-20
436,28,rapamycin + HIV,B77 10-20#28,MX1,29.3038307472113,Bleed 10-20
437,28,rapamycin + HIV,B77 10-20#28,IRF7,28.637789066428,Bleed 10-20
438,28,rapamycin + HIV,B77 10-20#28,OAS1,29.0959378912846,Bleed 10-20
439,29,spermidine + HIV,,,,Bleed 10-20
440,31,rapamycin + HIV,B77 10-20#31,HPRT1,31.066826501038,Bleed 10-20
441,31,rapamycin + HIV,B77 10-20#31,MX1,27.6155451062095,Bleed 10-20
442,31,rapamycin + HIV,B77 10-20#31,IRF7,27.8323885858081,Bleed 10-20
443,31,rapamycin + HIV,B77 10-20#31,OAS1,27.8375164979559,Bleed 10-20
444,32,spermidine + HIV,B77 10-20#32,HPRT1,32.3293563299299,Bleed 10-20
445,32,spermidine + HIV,B77 10-20#32,MX1,28.9934580521826,Bleed 10-20
446,32,spermidine + HIV,B77 10-20#32,IRF7,28.9064293803206,Bleed 10-20
447,32,spermidine + HIV,B77 10-20#32,OAS1,28.8390521330935,Bleed 10-20
448,33,DMSO + HIV,,,,Bleed 10-20
449,1,uninfected control,B77 bleed 11-3,IRF7,28.6157482318753,Bleed 11-3
450,1,uninfected control,B77 bleed 11-3,OAS1,29.7111388574267,Bleed 11-3
451,1,uninfected control,B77 bleed 11-3,MX1,28.5156033749452,Bleed 11-3
452,1,uninfected control,B77 bleed 11-3,HPRT1,30.3687335656855,Bleed 11-3
453,2,uninfected control,B77 bleed 11-3,IRF7,28.6680792834528,Bleed 11-3
454,2,uninfected control,B77 bleed 11-3,OAS1,29.6678901426428,Bleed 11-3
455,2,uninfected control,B77 bleed 11-3,MX1,28.4794463841414,Bleed 11-3
456,2,uninfected control,B77 bleed 11-3,HPRT1,30.2483696498286,Bleed 11-3
457,3,uninfected control,B77 bleed 11-3,IRF7,29.0895863523618,Bleed 11-3
458,3,uninfected control,B77 bleed 11-3,OAS1,29.9847023566822,Bleed 11-3
459,3,uninfected control,B77 bleed 11-3,MX1,28.903616746865,Bleed 11-3
460,3,uninfected control,B77 bleed 11-3,HPRT1,31.2079442335855,Bleed 11-3
461,4,uninfected control,B77 bleed 11-3,IRF7,29.4308944645999,Bleed 11-3
462,4,uninfected control,B77 bleed 11-3,OAS1,30.0442403651432,Bleed 11-3
463,4,uninfected control,B77 bleed 11-3,MX1,29.0243411086612,Bleed 11-3
464,4,uninfected control,B77 bleed 11-3,HPRT1,32.0284841185734,Bleed 11-3
465,5,uninfected control,B77 bleed 11-3,IRF7,28.8144019609298,Bleed 11-3
466,5,uninfected control,B77 bleed 11-3,OAS1,29.5398902869058,Bleed 11-3
467,5,uninfected control,B77 bleed 11-3,MX1,28.3803904358821,Bleed 11-3
468,5,uninfected control,B77 bleed 11-3,HPRT1,30.4110760009442,Bleed 11-3
469,6,DMSO + HIV,B77 bleed 11-3,IRF7,29.9655774263878,Bleed 11-3
470,6,DMSO + HIV,B77 bleed 11-3,OAS1,29.9806872346821,Bleed 11-3
471,6,DMSO + HIV,B77 bleed 11-3,MX1,29.3157411575771,Bleed 11-3
472,6,DMSO + HIV,B77 bleed 11-3,HPRT1,32.386499905196,Bleed 11-3
473,7,rapamycin + HIV,B77 bleed 11-3,IRF7,28.8719039748961,Bleed 11-3
474,7,rapamycin + HIV,B77 bleed 11-3,OAS1,29.3183132456156,Bleed 11-3
475,7,rapamycin + HIV,B77 bleed 11-3,MX1,28.5094551489301,Bleed 11-3
476,7,rapamycin + HIV,B77 bleed 11-3,HPRT1,30.6569057755579,Bleed 11-3
477,8,spermidine + HIV,B77 bleed 11-3,IRF7,28.2061843318682,Bleed 11-3
478,8,spermidine + HIV,B77 bleed 11-3,OAS1,27.947636117622,Bleed 11-3
479,8,spermidine + HIV,B77 bleed 11-3,MX1,27.3271235210655,Bleed 11-3
480,8,spermidine + HIV,B77 bleed 11-3,HPRT1,29.8386792311647,Bleed 11-3
481,9,DMSO + HIV,B77 bleed 11-3,IRF7,28.9661974903511,Bleed 11-3
482,9,DMSO + HIV,B77 bleed 11-3,OAS1,29.4060762656493,Bleed 11-3
483,9,DMSO + HIV,B77 bleed 11-3,MX1,28.5112790594798,Bleed 11-3
484,9,DMSO + HIV,B77 bleed 11-3,HPRT1,30.6532415016275,Bleed 11-3
485,10,rapamycin + HIV,B77 bleed 11-3,IRF7,31.333446183258,Bleed 11-3
486,10,rapamycin + HIV,B77 bleed 11-3,OAS1,32.2862876972746,Bleed 11-3
487,10,rapamycin + HIV,B77 bleed 11-3,MX1,31.0610742013652,Bleed 11-3
488,10,rapamycin + HIV,B77 bleed 11-3,HPRT1,31.9497562816086,Bleed 11-3
489,11,spermidine + HIV,B77 bleed 11-3,IRF7,30.1210271912014,Bleed 11-3
490,11,spermidine + HIV,B77 bleed 11-3,OAS1,30.160366534875,Bleed 11-3
491,11,spermidine + HIV,B77 bleed 11-3,MX1,29.1807252594948,Bleed 11-3
492,11,spermidine + HIV,B77 bleed 11-3,HPRT1,32.5435756593364,Bleed 11-3
493,12,DMSO + HIV,B77 bleed 11-3,IRF7,30.0179434248791,Bleed 11-3
494,12,DMSO + HIV,B77 bleed 11-3,OAS1,30.1333587897528,Bleed 11-3
495,12,DMSO + HIV,B77 bleed 11-3,MX1,29.2009946242289,Bleed 11-3
496,12,DMSO + HIV,B77 bleed 11-3,HPRT1,32.0284047000844,Bleed 11-3
497,13,rapamycin + HIV,,,,Bleed 11-3
498,16,rapamycin + HIV,,,,Bleed 11-3
499,17,DMSO + HIV,B77 bleed 11-3,IRF7,29.5951967055217,Bleed 11-3
500,17,DMSO + HIV,B77 bleed 11-3,OAS1,29.4891667553352,Bleed 11-3
501,17,DMSO + HIV,B77 bleed 11-3,MX1,28.6560992242021,Bleed 11-3
502,17,DMSO + HIV,B77 bleed 11-3,HPRT1,31.5809782047031,Bleed 11-3
503,18,spermidine + HIV,B77 bleed 11-3,IRF7,31.8947616427258,Bleed 11-3
504,18,spermidine + HIV,B77 bleed 11-3,OAS1,32.1573347043132,Bleed 11-3
505,18,spermidine + HIV,B77 bleed 11-3,MX1,31.867296726598,Bleed 11-3
506,18,spermidine + HIV,B77 bleed 11-3,HPRT1,34.0717404753819,Bleed 11-3
507,19,DMSO + HIV,,,,Bleed 11-3
508,20,rapamycin + HIV,B77 bleed 11-3,IRF7,31.4011536818567,Bleed 11-3
509,20,rapamycin + HIV,B77 bleed 11-3,OAS1,32.7610739669523,Bleed 11-3
510,20,rapamycin + HIV,B77 bleed 11-3,MX1,32.0346474039396,Bleed 11-3
511,20,rapamycin + HIV,B77 bleed 11-3,HPRT1,33.4194584589164,Bleed 11-3
512,21,spermidine + HIV,B77 bleed 11-3,IRF7,30.1984022274053,Bleed 11-3
513,21,spermidine + HIV,B77 bleed 11-3,OAS1,30.5290544082416,Bleed 11-3
514,21,spermidine + HIV,B77 bleed 11-3,MX1,30.2196266796662,Bleed 11-3
515,21,spermidine + HIV,B77 bleed 11-3,HPRT1,32.7994553015865,Bleed 11-3
516,22,rapamycin + HIV,,,,Bleed 11-3
517,23,rapamycin + HIV,B77 bleed 11-3,IRF7,30.0196810208437,Bleed 11-3
518,23,rapamycin + HIV,B77 bleed 11-3,OAS1,30.7715717134904,Bleed 11-3
519,23,rapamycin + HIV,B77 bleed 11-3,MX1,29.5839810406894,Bleed 11-3
520,23,rapamycin + HIV,B77 bleed 11-3,HPRT1,31.2584220918171,Bleed 11-3
521,24,spermidine + HIV,,,,Bleed 11-3
522,26,rapamycin + HIV,,,,Bleed 11-3
523,27,spermidine + HIV,B77 bleed 11-3,IRF7,28.3673159219097,Bleed 11-3
524,27,spermidine + HIV,B77 bleed 11-3,OAS1,28.219641394448,Bleed 11-3
525,27,spermidine + HIV,B77 bleed 11-3,MX1,28.1567188693323,Bleed 11-3
526,27,spermidine + HIV,B77 bleed 11-3,HPRT1,31.2691520041002,Bleed 11-3
527,28,rapamycin + HIV,B77 bleed 11-3,IRF7,30.3912728979938,Bleed 11-3
528,28,rapamycin + HIV,B77 bleed 11-3,OAS1,30.9945838842113,Bleed 11-3
529,28,rapamycin + HIV,B77 bleed 11-3,MX1,30.4128070452646,Bleed 11-3
530,28,rapamycin + HIV,B77 bleed 11-3,HPRT1,32.0513494750582,Bleed 11-3
531,29,spermidine + HIV,,,,Bleed 11-3
532,31,rapamycin + HIV,,,,Bleed 11-3
533,32,spermidine + HIV,B77 bleed 11-3,IRF7,31.5262971973943,Bleed 11-3
534,32,spermidine + HIV,B77 bleed 11-3,OAS1,31.411761162379,Bleed 11-3
535,32,spermidine + HIV,B77 bleed 11-3,MX1,31.4284145530761,Bleed 11-3
536,32,spermidine + HIV,B77 bleed 11-3,HPRT1,33.6365725414551,Bleed 11-3
537,33,DMSO + HIV,,,,Bleed 11-3
